"feature"	"metadata"	"value"	"name"	"coef"	"null_hypothesis"	"stderr"	"pval_individual"	"qval_individual"	"pval_joint"	"qval_joint"	"error"	"model"	"N"	"N_not_zero"
"Ruminococcaceae"	"acoa"	"acoa"	"acoa"	0.455389702310362	-0.0845965443540638	0.0923103389238957	0.000926082921329896	0.0144922410103707	0.000926082921329896	0.0144922410103707	NA	"abundance"	158	157
"Lachnospiraceae"	"acoa"	"acoa"	"acoa"	0.394614430111537	-0.0845965443540638	0.0721785452699939	0.00152549905372323	0.0144922410103707	0.00152549905372323	0.0144922410103707	NA	"abundance"	158	156
"Bacteroidaceae"	"acoa"	"acoa"	"acoa"	-0.533489758810695	-0.0845965443540638	0.117188648789885	0.0111075979585319	0.0544936740047297	0.0111075979585319	0.0544936740047297	NA	"abundance"	158	155
"Enterobacteriaceae"	"acoa"	"acoa"	"acoa"	-0.999626409018622	-0.0845965443540638	0.331881623043754	0.0114723524220484	0.0544936740047297	0.0114723524220484	0.0544936740047297	NA	"abundance"	158	116
"Clostridiaceae"	"acoa"	"acoa"	"acoa"	0.295718610320598	-0.0845965443540638	0.108440947772668	0.0257700499433975	0.0979261897849105	0.0257700499433975	0.0979261897849105	NA	"abundance"	158	155
